{"live": [{"title": "2022 Porsche 911 Turbo S", "price": "$254,900", "link": "https://www.cars.com/vehicledetail/de2c493d-e1a6-48a6-a010-403bafa14072/", "image": "https://platform.cstatic-images.com/large/in/v2/419073bd-1aec-5ab7-bc71-ca7c1fade287/1c13c1db-994b-46e5-9e2b-8596e5ac6102/vgQZ6i02P_PJ3s0MYDH_cBg-lDo.jpg", "details": "1/33\nPhoto 1 of 33\nView all 33 photos\nSave\nSponsored\nPorsche Certified\n2022 Porsche 911 Turbo S\n8,239 mi.\n$254,900 $1,000 price drop\nCertified Pre-Owned\nPorsche Chandler\n4.1\n(367 reviews)\nChandler, AZ\nView on dealer's site\nCall\nCheck availability\nCheck availability", "site": "Cars.com", "status": "live"}, {"title": "2021 Porsche 911 Carrera", "price": "$119,000", "link": "https://www.cars.com/vehicledetail/468fd2b0-bee9-4784-a482-533d02768fac/", "image": "https://platform.cstatic-images.com/large/in/v2/25d8f530-1d4c-5b34-9299-6df318f85ed3/906f19b8-b7f0-43e8-b3ad-9149cb0b4ca9/DvldBjhuBABMkAuUA-nFoKsUlWE.jpg", "details": "1/53\nPhoto 1 of 53\nView all 53 photos\nSave\nUsed\n2021 Porsche 911 Carrera\n9,682 mi.\n$119,000\nEst. $2,213/mo*\nFree CARFAX 1-Owner Report\nCertified Benz & Beemer\n4.9\n(15,535 reviews)\nScottsdale, AZ (10 mi.)\nCall\nCheck availability\nCheck availability", "site": "Cars.com", "status": "live"}, {"title": "2021 Porsche 911 Carrera S", "price": "$141,991", "link": "https://www.cars.com/vehicledetail/aaa17ef4-bf1f-458d-b0de-e9dde6354486/", "image": "https://platform.cstatic-images.com/large/in/v2/5576d5ad-ab00-43f5-bf28-f83ff1db20c9/c4ad364a-4532-4c6c-9bf9-97bd3495d196/8zfv-k2L4dKu4TBfxzYVeeT8sDM.jpg", "details": "1/7\nPhoto 1 of 7\nView all 7 photos\nSave\nUsed\n2021 Porsche 911 Carrera S\n16,848 mi.\n$141,991\nEst. $2,641/mo*\nGreat Deal | $3,890 under\nFree CARFAX Report\nAuto Boom LLC\n4.0\n(11 reviews)\nScottsdale, AZ (21 mi.)\nCall\nCheck availability\nCheck availability", "site": "Cars.com", "status": "live"}, {"title": "2021 Porsche 911 Carrera", "price": "$120,990", "link": "https://www.cars.com/vehicledetail/7ca44297-fe1a-4668-9982-fb00b26c368f/", "image": "https://platform.cstatic-images.com/large/in/v2/f56ff464-47b2-5594-abf8-31331663907f/4c96fb7a-f09b-4855-93c3-8d92701bb7d6/JIqIySLDlkXL6AYAS9JgwywMw4Y.jpg", "details": "1/42\nPhoto 1 of 42\nView all 42 photos\nSave\nUsed\n2021 Porsche 911 Carrera\n9,879 mi.\n$120,990\nEst. $2,250/mo*\nFree CARFAX Report\nAudi Chandler\n4.8\n(385 reviews)\nChandler, AZ (2 mi.)\nCall\nCheck availability\nCheck availability", "site": "Cars.com", "status": "live"}, {"title": "2022 Porsche 911 Carrera", "price": "$144,900", "link": "https://www.cars.com/vehicledetail/1ba664c8-77f4-4680-a8f6-da37d7b548ef/", "image": "https://platform.cstatic-images.com/large/in/v2/b579258d-8be3-53ed-a02a-110dfe22fb6c/c6dd1f34-6560-41a1-b1c9-39a3916ffbb3/qIspmruiK33lD6awsvB6Nvco1X8.jpg", "details": "1/34\nPhoto 1 of 34\nView all 34 photos\nSave\nPorsche Certified\n2022 Porsche 911 Carrera\n4,034 mi.\n$144,900 $1,000 price drop\nEst. $2,695/mo*\nGreat Deal\nHigh Demand\nCertified Pre-Owned\nFree CARFAX 1-Owner Report\nPorsche North Scottsdale\n4.8\n(439 reviews)\nPhoenix, AZ (23 mi.)\nCall\nCheck availability\nCheck availability", "site": "Cars.com", "status": "live"}, {"title": "2021 Porsche 911 Targa 4S", "price": "$189,950", "link": "https://www.cars.com/vehicledetail/2d9fac96-9244-4d25-aeca-23727430c521/", "image": "https://platform.cstatic-images.com/large/in/v2/3d7c488e-5d8b-51a6-92f5-dd635bc260ab/2605a772-06ca-4ee8-b9c7-d225eb850438/rzqz-KadqPgyxChd9Xonkpo9At0.jpg", "details": "1/41\nPhoto 1 of 41\nView all 41 photos\nSave\nUsed\n2021 Porsche 911 Targa 4S\n5,795 mi.\n$189,950\nEst. $3,533/mo*\nFair Deal\nGet the AutoCheck Report\nSCOTTSDALE SPORTS and CLASSIC MOTORCARS\nNot rated\n(112 reviews)\nScottsdale, AZ (21 mi.)\nCall\nCheck availability\nCheck availability", "site": "Cars.com", "status": "live"}, {"title": "2023 Porsche 911 Carrera S", "price": "$165,591", "link": "https://www.cars.com/vehicledetail/4225b07a-ef20-41e5-9290-796d70dd0e91/", "image": "https://platform.cstatic-images.com/large/in/v2/1fddf302-b486-4130-9910-f39d95e3a276/d3411169-c253-4e27-b372-3b3f0a1cb15c/_X5_d1iJSeFb0ydW0HE00y3dEGw.jpg", "details": "1/25\nPhoto 1 of 25\nView all 25 photos\nSave\nUsed\n2023 Porsche 911 Carrera S\n2,071 mi.\n$165,591\nEst. $3,080/mo*\nGood Deal\nFree CARFAX 1-Owner Report\nSpady Auto Group\nNot rated\n(2 reviews)\nScottsdale, AZ (21 mi.)\nCall\nCheck availability\nCheck availability", "site": "Cars.com", "status": "live"}, {"title": "2022 Porsche 911 GT3", "price": "$264,950", "link": "https://www.cars.com/vehicledetail/65a736e9-bcbb-44fe-b901-c0d57e29a27d/", "image": "https://platform.cstatic-images.com/large/in/v2/c7bff4a9-dc49-518a-bb4a-88de6625eec3/74eb2e4b-0df0-41ab-8232-f8f7e864dab3/7yVkON6UEXvooOUdRq1MtBD2bH4.jpg", "details": "1/31\nPhoto 1 of 31\nView all 31 photos\nSave\nUsed\n2022 Porsche 911 GT3\n7,456 mi.\n$264,950\nEst. $4,928/mo*\nFree CARFAX 1-Owner Report\nAUTO SELECT\nNot rated\n(9 reviews)\nPhoenix, AZ (14 mi.)\nCall\nCheck availability\nCheck availability", "site": "Cars.com", "status": "live"}, {"title": "2019 Porsche 911 Targa 4 GTS", "price": "$168,888", "link": "https://www.cars.com/vehicledetail/0bb11c8f-dfe4-4553-8986-72860452feaa/", "image": "https://platform.cstatic-images.com/large/in/v2/c0295af0-4ff6-4a60-bb04-079c4411e522/56fc8365-2bd9-42b4-971f-b5c31f81f90a/Sz5IiZ970slRQsWvkNboS71F5es.jpg", "details": "1/22\nPhoto 1 of 22\nView all 22 photos\nSave\nUsed\n2019 Porsche 911 Targa 4 GTS\n7,013 mi.\n$168,888 $1,112 price drop\nEst. $3,141/mo*\nGood Deal\nFree CARFAX Report\nSTG Auto Group Of Chandler\nNot rated\n(3 reviews)\nChandler, AZ (9 mi.)\nCall\nCheck availability\nCheck availability", "site": "Cars.com", "status": "live"}, {"title": "2023 Porsche 911 Carrera", "price": "$139,900", "link": "https://www.cars.com/vehicledetail/ed31c479-5313-4ed4-bb15-eea6c828b1f2/", "image": "https://platform.cstatic-images.com/large/in/v2/c9de1a86-1820-5e4e-9b3d-094aaeec904a/856a5894-ea9b-4673-88c8-b5f383343078/x4iGMmphDPYPxoOZcz6oGSKvQ88.jpg", "details": "1/64\nPhoto 1 of 64\nView all 64 photos\nSave\nUsed\n2023 Porsche 911 Carrera\n13,119 mi.\n$139,900\nEst. $2,602/mo*\nHigh Demand\nGet the AutoCheck Report\nScottsdale Autos Online\nNot rated\n(36 reviews)\nScottsdale, AZ (21 mi.)\nCall\nCheck availability\nCheck availability", "site": "Cars.com", "status": "live"}, {"title": "2020 Porsche 911 Carrera S", "price": "$139,950", "link": "https://www.cars.com/vehicledetail/d855dcfb-ab09-488e-b0ec-9fea206c105e/", "image": "https://platform.cstatic-images.com/large/in/v2/a32f2075-a9ea-5efb-a844-a7358078b370/392f63c3-e175-448a-97bb-2a19dbedb6ce/P3YCnGLlrIB8WuQd6AlDDeSlR_M.jpg", "details": "1/36\nPhoto 1 of 36\nView all 36 photos\nSave\nUsed\n2020 Porsche 911 Carrera S\n11,947 mi.\n$139,950\nEst. $2,603/mo*\nGood Deal | $606 under\nFree CARFAX Report\nCascio Motors\nNot rated\n(18 reviews)\nScottsdale, AZ (22 mi.)\nCall\nCheck availability\nCheck availability", "site": "Cars.com", "status": "live"}, {"title": "2020 Porsche 911 Carrera S", "price": "$131,999", "link": "https://www.cars.com/vehicledetail/235b10c1-650b-43d1-9819-648c9f265924/", "image": "https://platform.cstatic-images.com/large/in/v2/b7271ba2-d635-5917-a312-a104d3554778/3bf5d172-2552-4005-ba1a-4cd1d6ed5fc4/QEfb5svRMNTi4Movg0Q9RmIl5Jg.jpg", "details": "1/51\nPhoto 1 of 51\nView all 51 photos\nSave\nUsed\n2020 Porsche 911 Carrera S\n20,700 mi.\n$131,999 $3,000 price drop\nEst. $2,455/mo*\nGood Deal\nFree CARFAX Report\nLuxury Auto Collection\n3.5\n(40 reviews)\nScottsdale, AZ (17 mi.)\nCall\nCheck availability\nCheck availability", "site": "Cars.com", "status": "live"}, {"title": "2018 Porsche 911 Carrera S", "price": "$102,991", "link": "https://www.cars.com/vehicledetail/674c2283-9a6e-4ce0-9b47-bd34fea664e6/", "image": "https://platform.cstatic-images.com/large/in/v2/5576d5ad-ab00-43f5-bf28-f83ff1db20c9/a3487318-55e5-4e46-80a4-27b1a64046e6/bDCcwZ_45oEpMfPmOWYFKngakJE.jpg", "details": "1/40\nPhoto 1 of 40\nView all 40 photos\nSave\nUsed\n2018 Porsche 911 Carrera S\n30,799 mi.\n$102,991\nEst. $1,916/mo*\nGreat Deal | $4,435 under\nFree CARFAX Report\nAuto Boom LLC\n4.0\n(11 reviews)\nScottsdale, AZ (21 mi.)\nCall\nCheck availability\nCheck availability", "site": "Cars.com", "status": "live"}, {"title": "2022 Porsche 911 Targa 4 GTS", "price": "$209,900", "link": "https://www.cars.com/vehicledetail/c5aab3fa-aadf-4310-8e91-265a543b915e/", "image": "https://platform.cstatic-images.com/large/in/v2/b579258d-8be3-53ed-a02a-110dfe22fb6c/5a379c8e-a59b-4a11-a96c-c879ecb08302/BB6fQ8hX7Kn--jYoI4a_lRJZRsg.jpg", "details": "1/43\nPhoto 1 of 43\nView all 43 photos\nSave\nPorsche Certified\n2022 Porsche 911 Targa 4 GTS\n5,110 mi.\n$209,900\nEst. $3,904/mo*\nCertified Pre-Owned\nFree CARFAX Report\nPorsche North Scottsdale\n4.8\n(439 reviews)\nPhoenix, AZ (23 mi.)\nCall\nCheck availability\nCheck availability", "site": "Cars.com", "status": "live"}, {"title": "2021 Porsche 911 Carrera 4S", "price": "$138,991", "link": "https://www.cars.com/vehicledetail/084c1dc1-0a47-440d-bba6-9d636bc061f8/", "image": "https://platform.cstatic-images.com/large/in/v2/5576d5ad-ab00-43f5-bf28-f83ff1db20c9/824729bf-798f-4ca1-810d-b2de581bc43d/nYf7PJCM9C1tP1piPkbcN_LntnM.jpg", "details": "1/15\nPhoto 1 of 15\nView all 15 photos\nSave\nUsed\n2021 Porsche 911 Carrera 4S\n19,863 mi.\n$138,991\nEst. $2,585/mo*\nGreat Deal\nFree CARFAX Report\nAuto Boom LLC\n4.0\n(11 reviews)\nScottsdale, AZ (21 mi.)\nCall\nCheck availability\nCheck availability", "site": "Cars.com", "status": "live"}, {"title": "2020 Porsche 911 Carrera S", "price": "$149,900", "link": "https://www.cars.com/vehicledetail/438d7028-f06e-4966-a921-bd995ed83fb2/", "image": "https://platform.cstatic-images.com/large/in/v2/b579258d-8be3-53ed-a02a-110dfe22fb6c/fa20273b-4973-4205-8b93-bd1c35ea2207/eDfpiMakUdaZi1IVoL8-xJ1duLQ.jpg", "details": "1/42\nPhoto 1 of 42\nView all 42 photos\nSave\nPorsche Certified\n2020 Porsche 911 Carrera S\n11,777 mi.\n$149,900\nEst. $2,788/mo*\nFair Deal\nCertified Pre-Owned\nFree CARFAX 1-Owner Report\nPorsche North Scottsdale\n4.8\n(439 reviews)\nPhoenix, AZ (23 mi.)\nCall\nCheck availability\nCheck availability", "site": "Cars.com", "status": "live"}, {"title": "2017 Porsche 911 Carrera S", "price": "$109,500", "link": "https://www.cars.com/vehicledetail/9ca1dd1a-e563-4750-9c5b-f98e6d1c835f/", "image": "https://platform.cstatic-images.com/large/in/v2/3d7c488e-5d8b-51a6-92f5-dd635bc260ab/9e399467-b050-4b4c-8e72-7baf31419048/JHZ25Tt7Ju2p6v70fFNJRmqTxu8.jpg", "details": "1/41\nPhoto 1 of 41\nView all 41 photos\nSave\nUsed\n2017 Porsche 911 Carrera S\n17,466 mi.\n$109,500\nEst. $2,037/mo*\nGreat Deal\nGet the AutoCheck Report\nSCOTTSDALE SPORTS and CLASSIC MOTORCARS\nNot rated\n(112 reviews)\nScottsdale, AZ (21 mi.)\nCall\nCheck availability\nCheck availability", "site": "Cars.com", "status": "live"}, {"title": "2019 Porsche 911 GT2 RS", "price": "$543,999", "link": "https://www.cars.com/vehicledetail/c5f5315c-39b1-4573-a4e9-6e72af604b2d/", "image": "https://platform.cstatic-images.com/large/in/v2/b7271ba2-d635-5917-a312-a104d3554778/fa4366cf-fb2e-4f8e-b52f-09d91691b01e/snEHunjdyrtTK0K_B_tWFyOe_7A.jpg", "details": "1/55\nPhoto 1 of 55\nView all 55 photos\nSave\nUsed\n2019 Porsche 911 GT2 RS\n2,850 mi.\n$543,999\nEst. $10,119/mo*\nFree CARFAX Report\nLuxury Auto Collection\n3.5\n(40 reviews)\nScottsdale, AZ (17 mi.)\nCall\nCheck availability\nCheck availability", "site": "Cars.com", "status": "live"}, {"title": "2018 Porsche 911 Carrera GTS", "price": "$123,991", "link": "https://www.cars.com/vehicledetail/5e304e3e-57eb-4e4e-b668-ab317bcd7dea/", "image": "https://platform.cstatic-images.com/large/in/v2/5576d5ad-ab00-43f5-bf28-f83ff1db20c9/dd6cb52e-fa0d-4ffb-b750-91cd5ae8f622/QwXcYYPMl7qdaYHxyrbu2M8pbu0.jpg", "details": "1/34\nPhoto 1 of 34\nView all 34 photos\nSave\nUsed\n2018 Porsche 911 Carrera GTS\n34,305 mi.\n$123,991 $2,000 price drop\nEst. $2,306/mo*\nGood Deal\nFree CARFAX Report\nAuto Boom LLC\n4.0\n(11 reviews)\nScottsdale, AZ (21 mi.)\nCall\nCheck availability\nCheck availability", "site": "Cars.com", "status": "live"}, {"title": "2018 Porsche 911 Carrera GTS", "price": "$124,900", "link": "https://www.cars.com/vehicledetail/7b7f9377-cdfd-4d51-997c-c8d8e5c166e6/", "image": "https://platform.cstatic-images.com/large/in/v2/322078ad-da9c-47e6-93af-6bc221dea869/2ef2872f-0090-470c-9b66-b2efdb83ba74/IVagQ-5oHAfe1GDGkpX-DyYLDgE.jpg", "details": "1/40\nPhoto 1 of 40\nView all 40 photos\nSave\nUsed\n2018 Porsche 911 Carrera GTS\n38,791 mi.\n$124,900\nEst. $2,323/mo*\nGood Deal\nHigh Demand\nGet the AutoCheck Report\nYoung Motorcars\nNot rated\n(1 review)\nScottsdale, AZ (22 mi.)\nCall\nCheck availability\nCheck availability", "site": "Cars.com", "status": "live"}, {"title": "2019 Porsche 911 Carrera", "price": "$89,988", "link": "https://www.cars.com/vehicledetail/f222b441-42cf-4a23-8abf-fb31ee70376e/", "image": "https://platform.cstatic-images.com/large/in/v2/b579258d-8be3-53ed-a02a-110dfe22fb6c/e34d03b3-3681-4c5e-ba6c-767d73d1f5de/GSgJR3_iT3uVQG4fUlSDrWyHPEk.jpg", "details": "1/36\nPhoto 1 of 36\nView all 36 photos\nSave\nPorsche Certified\n2019 Porsche 911 Carrera\n42,892 mi.\n$89,988 $2,602 price drop\nEst. $1,674/mo*\nGood Deal\nCertified Pre-Owned\nFree CARFAX Report\nPorsche North Scottsdale\n4.8\n(439 reviews)\nPhoenix, AZ (23 mi.)\nCall\nCheck availability\nCheck availability", "site": "Cars.com", "status": "live"}, {"title": null, "price": null, "link": "https://www.carmax.com/car/27802393", "image": "https://img2.carmax.com/assets/27802393/hero.jpg?width=400&height=300", "details": "Reserved\n2018 Porsche\n911 Carrera\n$89,998*\n12K mi\n12,000 miles\nReserved at\nCarMax Oxnard, CA", "site": "CarMax", "status": "live"}, {"title": null, "price": null, "link": "https://www.carmax.com/car/27676106", "image": "https://img2.carmax.com/assets/27676106/hero.jpg?width=400&height=300", "details": "Reserved\n2018 Porsche\n911 Carrera\n$81,998*\n46K mi\n46,000 miles\nReserved at\nCarMax El Paso West, TX", "site": "CarMax", "status": "live"}, {"title": null, "price": null, "link": "https://www.carmax.com/car/27627117", "image": "https://img2.carmax.com/assets/27627117/hero.jpg?width=400&height=300", "details": "Coming Soon\n2018 Porsche\n911 Carrera S\n$85,998*\n59K mi\n59,000 miles\nComing soon to\nCarMax Laurel, MD", "site": "CarMax", "status": "live"}, {"title": null, "price": null, "link": "https://ebay.com/itm/123456?itmmeta=012DEW30YG0MEEKND7NH&hash=item123546:g:acwAA9KNiJowH:sc:ShippingMethodStandard!95008!US!-1&itmprp=enc%3AbgepL1tlUHjMGCVfSTGJh%2BzsVKeJ3CQk7NizDI4BZeppuFnmyS6Ijyp8lh%2FnEw%2BWqO7uTV1Q6izE1R0T54aV8j71F4xlWfVcGft4%2FiOQhtqVXA1rW6M1atPARQRmhqUxtEPJKhKtSFgI%2Bvwlzb0GwVCtkp%3ABlBMUObkmabpYw&pfm=0", "image": "https://ir.ebaystatic.com/rs/v/fxxj3ttftm5ltcqnto1o4baovyl.png", "details": "", "site": "eBay Motors", "status": "live"}, {"title": null, "price": null, "link": "https://ebay.com/itm/123456?itmmeta=012DEW30YG0MEEKND7NH&hash=item123546:g:acwAA9KNiJowH:sc:ShippingMethodStandard!95008!US!-1&itmprp=enc%3AbgepL1tlUHjMGCVfSTGJh%2BzsVKeJ3CQk7NizDI4BZeppuFnmyS6Ijyp8lh%2FnEw%2BWqO7uTV1Q6izE1R0T54aV8j71F4xlWfVcGft4%2FiOQhtqVXA1rW6M1atPARQRmhqUxtEPJKhKtSFgI%2Bvwlzb0GwVCtkp%3ABlBMUObkmabpYw", "image": "https://ir.ebaystatic.com/rs/v/fxxj3ttftm5ltcqnto1o4baovyl.png", "details": "", "site": "eBay Motors", "status": "live"}, {"title": null, "price": null, "link": "https://ebay.com/itm/123456?itmmeta=012DEW30YG0MEEKND7NH&hash=item123546:g:acwAA9KNiJowH:sc:ShippingMethodStandard!95008!US!-1&itmprp=enc%3AbgepL1tlUHjMGCVfSTGJh%2BzsVKeJ3CQk7NizDI4BZeppuFnmyS6Ijyp8lh%2FnEw%2BWqO7uTV1Q6izE1R0T54aV8j71F4xlWfVcGft4%2FiOQhtqVXA1rW6M1atPARQRmhqUxtEPJKhKtSFgI%2Bvwlzb0GwVCtkp%3ABlBMUObkmabpYw&pfm=1", "image": "https://ir.ebaystatic.com/rs/v/fxxj3ttftm5ltcqnto1o4baovyl.png", "details": "", "site": "eBay Motors", "status": "live"}, {"title": null, "price": null, "link": "https://www.carmax.com/car/27713218", "image": "https://img2.carmax.com/assets/27713218/hero.jpg?width=400", "details": "2024 Porsche\nCayenne\n$70,998*\n25K mi\n25,000 miles\nFree Shipping\nCarMax Clackamas, OR", "site": "CarMax", "status": "live"}, {"title": null, "price": null, "link": "https://www.carmax.com/car/26917736", "image": "https://img2.carmax.com/assets/26917736/hero.jpg?width=400", "details": "2019 Chevrolet\nCorvette Stingray\n$42,998*\n48K mi\n48,000 miles\n$99 Shipping\nCarMax Renton, WA", "site": "CarMax", "status": "live"}, {"title": null, "price": null, "link": "https://www.carmax.com/car/27673042", "image": "https://img2.carmax.com/assets/27673042/hero.jpg?width=400", "details": "2022 Chevrolet\nCorvette Stingray 2LT\n$71,998*\n4K mi\n4,000 miles\n$99 Shipping\nCarMax Renton, WA", "site": "CarMax", "status": "live"}, {"title": null, "price": null, "link": "https://www.carmax.com/car/27454915", "image": "https://img2.carmax.com/assets/27454915/hero.jpg?width=400", "details": "Price Drop\n2019 Mercedes-Benz\nE53 AMG\n$43,998*\n$44,998*\n$99 Shipping\nCarMax Lynnwood, WA", "site": "CarMax", "status": "live"}, {"title": null, "price": null, "link": "https://www.carmax.com/car/27432821", "image": "https://img2.carmax.com/assets/27432821/hero.jpg?width=400", "details": "", "site": "CarMax", "status": "live"}, {"title": null, "price": null, "link": "https://www.carmax.com/car/27013638", "image": "https://img2.carmax.com/assets/27013638/hero.jpg?width=400", "details": "", "site": "CarMax", "status": "live"}, {"title": null, "price": null, "link": "https://www.carmax.com/car/27013473", "image": "https://img2.carmax.com/assets/27013473/hero.jpg?width=400", "details": "", "site": "CarMax", "status": "live"}, {"title": null, "price": null, "link": "https://www.carmax.com/car/26727698", "image": "https://img2.carmax.com/assets/26727698/hero.jpg?width=400", "details": "", "site": "CarMax", "status": "live"}, {"title": null, "price": null, "link": "https://www.carmax.com/car/27595812", "image": "https://img2.carmax.com/assets/27595812/hero.jpg?width=400", "details": "", "site": "CarMax", "status": "live"}, {"title": "2018 Porsche 911 Carrera S", "price": "$107,800", "link": "https://www.cars.com/vehicledetail/6ed137b5-54c4-4c01-a353-ae21124342ac/", "image": "https://platform.cstatic-images.com/large/in/v2/25d8f530-1d4c-5b34-9299-6df318f85ed3/5ba5af42-5432-4eaa-9a47-6fd3a6802f92/GH9GXaLBhrl8jhu8on88teljhXg.jpg", "details": "1/41\nPhoto 1 of 41\nView all 41 photos\nSave\nSponsored\nUsed\n2018 Porsche 911 Carrera S\n13,690 mi.\n$107,800 $1,000 price drop\nGreat Deal | $4,296 under\nCertified Benz & Beemer\n4.9\n(15,535 reviews)\nScottsdale, AZ\nView on dealer's site\nCall\nCheck availability\nCheck availability", "site": "Cars.com", "status": "live"}, {"title": null, "price": null, "link": "https://www.carmax.com/car/27571454", "image": "https://img2.carmax.com/assets/27571454/hero.jpg?width=400", "details": "", "site": "CarMax", "status": "live"}, {"title": "2018 Porsche 911 GT2 RS", "price": "$459,900", "link": "https://www.cars.com/vehicledetail/65a6bbc8-4e7c-4ca8-876d-e66a2dd38a75/", "image": "https://platform.cstatic-images.com/large/in/v2/322078ad-da9c-47e6-93af-6bc221dea869/656432ae-bd82-4990-b610-4a3b7d748b93/7rKE-UlbIxG7UQ4aDmSrBn2x9WI.jpg", "details": "1/39\nPhoto 1 of 39\nView all 39 photos\nSave\nUsed\n2018 Porsche 911 GT2 RS\n9,264 mi.\n$459,900\nEst. $8,554/mo*\nGet the AutoCheck Report\nYoung Motorcars\nNot rated\n(1 review)\nScottsdale, AZ (22 mi.)\nCall\nCheck availability\nCheck availability", "site": "Cars.com", "status": "live"}, {"title": "2018 Porsche 911 Carrera S", "price": "$85,998", "link": "https://www.cars.com/vehicledetail/54cdbb3d-60b3-4292-ba63-5ab3a15dedf4/?attribution_type=ship", "image": "https://platform.cstatic-images.com/large/in/v2/14886e06-1914-53c9-9ae6-e2f2d15d610b/a5dd785b-bc7b-41e3-ba21-8dd2c126e327/MpA5OfTuKrTL9kWMt_Bpd-6vvVw.jpg", "details": "1/25\nPhoto 1 of 25\nView all 25 photos\nSave\nUsed\n2018 Porsche 911 Carrera S\n58,068 mi.\n$85,998\nEst. $1,600/mo*\nGood Deal\nGet the AutoCheck Report\nCarMax Laurel\n1.6\n(39 reviews)\n$1,999 store transfer from MD to Gilbert, AZ\nCall\nCheck availability\nCheck availability", "site": "Cars.com", "status": "live"}, {"title": "2019 Porsche 911 Turbo", "price": "$173,991", "link": "https://www.cars.com/vehicledetail/697a8ade-99ca-4e39-a69b-8963ec27223d/", "image": "https://platform.cstatic-images.com/large/in/v2/5576d5ad-ab00-43f5-bf28-f83ff1db20c9/ab14b94d-f990-4b79-b198-1cea57c1050e/KN_2PNHIBDFkU10wCcfZL4eTMFU.jpg", "details": "1/33\nPhoto 1 of 33\nView all 33 photos\nSave\nUsed\n2019 Porsche 911 Turbo\n4,192 mi.\n$173,991 $1,000 price drop\nEst. $3,236/mo*\nGreat Deal\nFree CARFAX 1-Owner Report\nAuto Boom LLC\n4.0\n(11 reviews)\nScottsdale, AZ (21 mi.)\nCall\nCheck availability\nCheck availability", "site": "Cars.com", "status": "live"}, {"title": "2016 Porsche 911 Turbo S", "price": "$169,000", "link": "https://www.cars.com/vehicledetail/7a792c21-8c40-42a9-ac32-c005b838eee7/", "image": "https://platform.cstatic-images.com/large/in/v2/25d8f530-1d4c-5b34-9299-6df318f85ed3/3303579b-c575-4373-8a9c-b73d69aa6d97/7q8xPolRNepvbk73G0q8tVxFFyg.jpg", "details": "1/45\nPhoto 1 of 45\nView all 45 photos\nSave\nUsed\n2016 Porsche 911 Turbo S\n2,547 mi.\n$169,000\nEst. $3,143/mo*\nGreat Deal\nFree CARFAX Report\nCertified Benz & Beemer\n4.9\n(15,535 reviews)\nScottsdale, AZ (10 mi.)\nCall\nCheck availability\nCheck availability", "site": "Cars.com", "status": "live"}, {"title": "2019 Porsche 911 Carrera S", "price": "$114,900", "link": "https://www.cars.com/vehicledetail/f5fd36ed-6979-40f0-876a-845ad9363bd4/", "image": "https://platform.cstatic-images.com/large/in/v2/881697b0-ce1a-56e4-8e5c-ef349fb4df11/56573445-2378-46e5-b12c-284c0dd1231a/GBOYXMvM8JeTmRXV8IXODr-wPV4.jpg", "details": "1/60\nPhoto 1 of 60\nView all 60 photos\nSave\nUsed\n2019 Porsche 911 Carrera S\n20,210 mi.\n$114,900\nEst. $2,137/mo*\nGreat Deal\nHigh Demand\nFree CARFAX 1-Owner Report\nHubbard Auto Center of Scottsdale\nNot rated\n(9 reviews)\nScottsdale, AZ (21 mi.)\nCall\nCheck availability\nCheck availability", "site": "Cars.com", "status": "live"}, {"title": "2023 Porsche 911 Carrera S", "price": "$151,991", "link": "https://www.cars.com/vehicledetail/949847f7-47a7-43b4-a354-2f0ae0aac69a/", "image": "https://platform.cstatic-images.com/large/in/v2/5576d5ad-ab00-43f5-bf28-f83ff1db20c9/1db7fa32-e085-4e5c-a633-b351d842fc69/ZCPFLfp5Z89gD2tiSSqQG0ziS5I.jpg", "details": "1/39\nPhoto 1 of 39\nView all 39 photos\nSave\nUsed\n2023 Porsche 911 Carrera S\n19,227 mi.\n$151,991\nEst. $2,827/mo*\nGood Deal\nFree CARFAX 1-Owner Report\nAuto Boom LLC\n4.0\n(11 reviews)\nScottsdale, AZ (21 mi.)\nCall\nCheck availability\nCheck availability", "site": "Cars.com", "status": "live"}, {"title": "2017 Porsche 911 Carrera 4S Cabriolet", "price": "$101,991", "link": "https://www.cars.com/vehicledetail/71c6e86b-425f-4c62-9de4-9bc75aaa04ed/", "image": "https://platform.cstatic-images.com/large/in/v2/5576d5ad-ab00-43f5-bf28-f83ff1db20c9/d663765a-6941-46fa-9bbf-b138751586bb/bjg0oiwAHZtXUcCnLFTfl0nz1FM.jpg", "details": "1/79\nPhoto 1 of 79\nView all 79 photos\nSave\nUsed\n2017 Porsche 911 Carrera 4S Cabriolet\n50,712 mi.\n$101,991\nEst. $1,897/mo*\nFair Deal\nFree CARFAX 1-Owner Report\nAuto Boom LLC\n4.0\n(11 reviews)\nScottsdale, AZ (21 mi.)\nCall\nCheck availability\nCheck availability", "site": "Cars.com", "status": "live"}, {"title": "2021 Porsche 911 Turbo S", "price": "$243,991", "link": "https://www.cars.com/vehicledetail/e663040a-7584-4018-84ca-b0772a9295d5/", "image": "https://platform.cstatic-images.com/large/in/v2/5576d5ad-ab00-43f5-bf28-f83ff1db20c9/0bc712f3-b6ea-4d99-863a-b7e3a30d7fc3/xgjvXrKFsh_Cazs7KpgWXFRXyTs.jpg", "details": "1/11\nPhoto 1 of 11\nView all 11 photos\nSave\nUsed\n2021 Porsche 911 Turbo S\n5,695 mi.\n$243,991\nEst. $4,538/mo*\nFree CARFAX Report\nAuto Boom LLC\n4.0\n(11 reviews)\nScottsdale, AZ (21 mi.)\nCall\nCheck availability\nCheck availability", "site": "Cars.com", "status": "live"}, {"title": "2017 Porsche 911 Carrera 4S", "price": "$109,991", "link": "https://www.cars.com/vehicledetail/f8d52b31-dac5-4221-bb55-0bfca330a8be/", "image": "https://platform.cstatic-images.com/large/in/v2/5576d5ad-ab00-43f5-bf28-f83ff1db20c9/ab70c670-78ee-4520-a904-3c8be74599dc/EqdQWMA4csQDIMrNPVCkrWE8lH8.jpg", "details": "1/13\nPhoto 1 of 13\nView all 13 photos\nSave\nUsed\n2017 Porsche 911 Carrera 4S\n27,369 mi.\n$109,991\nEst. $2,046/mo*\nGood Deal | $121 under\nFree CARFAX Report\nAuto Boom LLC\n4.0\n(11 reviews)\nScottsdale, AZ (21 mi.)\nCall\nCheck availability\nCheck availability", "site": "Cars.com", "status": "live"}, {"title": "2018 Porsche 911 Carrera 4S Cabriolet", "price": "$122,991", "link": "https://www.cars.com/vehicledetail/1f1c89f3-8b07-44a3-bc39-7f98e625fc29/", "image": "https://platform.cstatic-images.com/large/in/v2/5576d5ad-ab00-43f5-bf28-f83ff1db20c9/654c26e6-ccf6-4050-b506-e28a66fc960f/h3wteewW7RY3th4Tofd8WoJPNzY.jpg", "details": "1/31\nPhoto 1 of 31\nView all 31 photos\nSave\nUsed\n2018 Porsche 911 Carrera 4S Cabriolet\n19,162 mi.\n$122,991\nEst. $2,288/mo*\nGreat Deal | $8,105 under\nFree CARFAX Report\nAuto Boom LLC\n4.0\n(11 reviews)\nScottsdale, AZ (21 mi.)\nCall\nCheck availability\nCheck availability", "site": "Cars.com", "status": "live"}, {"title": "2023 Porsche 911 Targa 4 GTS", "price": "$229,991", "link": "https://www.cars.com/vehicledetail/672b80c6-dfb8-43f5-9dae-e35ae5520701/", "image": "https://platform.cstatic-images.com/large/in/v2/1fddf302-b486-4130-9910-f39d95e3a276/cd497a1b-6ae4-4d0f-8eec-e9741b92418f/N2G6-v01zYYLvvdxx_fYOM0HHb4.jpg", "details": "1/33\nPhoto 1 of 33\nView all 33 photos\nSave\nUsed\n2023 Porsche 911 Targa 4 GTS\n3,475 mi.\n$229,991\nEst. $4,278/mo*\nFree CARFAX Report\nSpady Auto Group\nNot rated\n(2 reviews)\nScottsdale, AZ (21 mi.)\nCall\nCheck availability\nCheck availability", "site": "Cars.com", "status": "live"}, {"title": "2019 Porsche 911 Carrera S", "price": "$103,991", "link": "https://www.cars.com/vehicledetail/0ce717f0-fd36-49ff-b0b7-239cae1e0b95/", "image": "https://platform.cstatic-images.com/large/in/v2/5576d5ad-ab00-43f5-bf28-f83ff1db20c9/53e7a1e4-0aa9-481f-bdc5-d857e0c79589/3B0X5AcPo3ZTGfXQ_gr6OnqDuHE.jpg", "details": "1/19\nPhoto 1 of 19\nView all 19 photos\nSave\nUsed\n2019 Porsche 911 Carrera S\n31,001 mi.\n$103,991\nEst. $1,934/mo*\nGreat Deal | $7,342 under\nFree CARFAX Report\nAuto Boom LLC\n4.0\n(11 reviews)\nScottsdale, AZ (21 mi.)\nCall\nCheck availability\nCheck availability", "site": "Cars.com", "status": "live"}, {"title": "2019 Porsche 911 Carrera", "price": "$109,988", "link": "https://www.cars.com/vehicledetail/eee39526-fbca-4049-a14b-2b081b03d41e/", "image": "https://platform.cstatic-images.com/large/in/v2/b579258d-8be3-53ed-a02a-110dfe22fb6c/ec7f0020-319d-43e9-b86c-3c5122b4489d/Tx8ZLfx8wnSCyabcXbTtfhP31CU.jpg", "details": "1/36\nPhoto 1 of 36\nView all 36 photos\nSave\nPorsche Certified\n2019 Porsche 911 Carrera\n5,963 mi.\n$109,988 $2,912 price drop\nEst. $2,046/mo*\nCertified Pre-Owned\nFree CARFAX Report\nPorsche North Scottsdale\n4.8\n(439 reviews)\nPhoenix, AZ (23 mi.)\nCall\nCheck availability\nCheck availability", "site": "Cars.com", "status": "live"}, {"title": "2020 Porsche 911 Carrera S", "price": "$139,999", "link": "https://www.cars.com/vehicledetail/e4aad0c0-e5b5-4864-87cc-3a8aa4132986/", "image": "https://platform.cstatic-images.com/large/in/v2/4b58c3cf-2482-553c-baa2-14b2a50c534e/1304c34c-33dd-413a-8ea0-5def6ab21594/I4DZpq_JDeN85bLGC9DgO_ihXnI.jpg", "details": "1/99\nPhoto 1 of 99\nView all 99 photos\nSave\nUsed\n2020 Porsche 911 Carrera S\n8,818 mi.\n$139,999\nEst. $2,604/mo*\nFair Deal\nFree CARFAX Report\nJBA Motors, LLC\n4.9\n(68 reviews)\nMesa, AZ (10 mi.)\nCall\nCheck availability\nCheck availability", "site": "Cars.com", "status": "live"}, {"title": "2019 Porsche 911 911 GT3 RS", "price": "$305,500", "link": "https://www.cars.com/vehicledetail/4be34d25-ac96-4cb0-9bd5-6721a96dac53/", "image": "https://platform.cstatic-images.com/large/in/v2/3d7c488e-5d8b-51a6-92f5-dd635bc260ab/99375afd-c8db-4cd7-ae84-326ca6365aa2/t3lMRKSsaThon_Cep0AZJ_xHCTE.jpg", "details": "1/7\nPhoto 1 of 7\nView all 7 photos\nSave\nUsed\n2019 Porsche 911 911 GT3 RS\n4,415 mi.\n$305,500 $19,500 price drop\nEst. $5,682/mo*\nGet the AutoCheck Report\nSCOTTSDALE SPORTS and CLASSIC MOTORCARS\nNot rated\n(112 reviews)\nScottsdale, AZ (21 mi.)\nCall\nCheck availability\nCheck availability", "site": "Cars.com", "status": "live"}], "rejected": [], "missing": [], "logs": [{"time": "2025-09-09 04:58:12", "type": "init", "status": "\u2705 Loaded from file"}, {"time": "2025-09-09 04:58:22", "type": "auto", "status": "\u2705 Found 25 new cars"}, {"time": "2025-09-09 05:08:54", "type": "auto", "status": "\u2705 Found 1 new cars"}, {"time": "2025-09-09 05:19:40", "type": "auto", "status": "\u2705 Found 1 new cars"}, {"time": "2025-09-09 05:30:13", "type": "auto", "status": "\u26a0\ufe0f No new listings"}, {"time": "2025-09-09 05:40:47", "type": "auto", "status": "\u2705 Found 9 new cars"}, {"time": "2025-09-09 05:51:21", "type": "auto", "status": "\u26a0\ufe0f No new listings"}, {"time": "2025-09-09 06:02:08", "type": "auto", "status": "\u2705 Found 1 new cars"}, {"time": "2025-09-09 06:12:43", "type": "auto", "status": "\u26a0\ufe0f No new listings"}, {"time": "2025-09-09 06:23:20", "type": "auto", "status": "\u26a0\ufe0f No new listings"}, {"time": "2025-09-09 06:34:02", "type": "auto", "status": "\u26a0\ufe0f No new listings"}, {"time": "2025-09-09 06:44:40", "type": "auto", "status": "\u26a0\ufe0f No new listings"}, {"time": "2025-09-09 06:55:20", "type": "auto", "status": "\u26a0\ufe0f No new listings"}, {"time": "2025-09-09 07:06:03", "type": "auto", "status": "\u26a0\ufe0f No new listings"}, {"time": "2025-09-09 07:16:43", "type": "auto", "status": "\u26a0\ufe0f No new listings"}, {"time": "2025-09-09 07:27:22", "type": "auto", "status": "\u26a0\ufe0f No new listings"}, {"time": "2025-09-09 07:38:07", "type": "auto", "status": "\u26a0\ufe0f No new listings"}, {"time": "2025-09-09 07:48:49", "type": "auto", "status": "\u2705 Found 1 new cars"}, {"time": "2025-09-09 07:59:23", "type": "auto", "status": "\u26a0\ufe0f No new listings"}, {"time": "2025-09-09 08:10:03", "type": "auto", "status": "\u26a0\ufe0f No new listings"}, {"time": "2025-09-09 08:20:44", "type": "auto", "status": "\u26a0\ufe0f No new listings"}, {"time": "2025-09-09 08:33:28", "type": "auto", "status": "\u26a0\ufe0f No new listings"}, {"time": "2025-09-09 08:44:06", "type": "auto", "status": "\u26a0\ufe0f No new listings"}, {"time": "2025-09-09 08:56:38", "type": "auto", "status": "\u26a0\ufe0f No new listings"}, {"time": "2025-09-09 09:07:25", "type": "auto", "status": "\u26a0\ufe0f No new listings"}, {"time": "2025-09-09 09:18:01", "type": "auto", "status": "\u26a0\ufe0f No new listings"}, {"time": "2025-09-09 09:28:35", "type": "auto", "status": "\u26a0\ufe0f No new listings"}, {"time": "2025-09-09 09:39:21", "type": "auto", "status": "\u26a0\ufe0f No new listings"}, {"time": "2025-09-09 09:50:05", "type": "auto", "status": "\u26a0\ufe0f No new listings"}, {"time": "2025-09-09 10:00:51", "type": "auto", "status": "\u26a0\ufe0f No new listings"}, {"time": "2025-09-09 10:11:38", "type": "auto", "status": "\u26a0\ufe0f No new listings"}, {"time": "2025-09-09 10:22:20", "type": "auto", "status": "\u26a0\ufe0f No new listings"}, {"time": "2025-09-09 10:32:57", "type": "auto", "status": "\u26a0\ufe0f No new listings"}, {"time": "2025-09-09 10:43:28", "type": "auto", "status": "\u26a0\ufe0f No new listings"}, {"time": "2025-09-09 10:54:03", "type": "auto", "status": "\u26a0\ufe0f No new listings"}, {"time": "2025-09-09 11:06:31", "type": "auto", "status": "\u26a0\ufe0f No new listings"}, {"time": "2025-09-09 11:17:07", "type": "auto", "status": "\u26a0\ufe0f No new listings"}, {"time": "2025-09-09 11:27:44", "type": "auto", "status": "\u26a0\ufe0f No new listings"}, {"time": "2025-09-09 11:38:23", "type": "auto", "status": "\u26a0\ufe0f No new listings"}, {"time": "2025-09-09 11:49:14", "type": "auto", "status": "\u26a0\ufe0f No new listings"}, {"time": "2025-09-09 11:59:59", "type": "auto", "status": "\u26a0\ufe0f No new listings"}, {"time": "2025-09-09 12:10:35", "type": "auto", "status": "\u26a0\ufe0f No new listings"}, {"time": "2025-09-09 12:21:20", "type": "auto", "status": "\u26a0\ufe0f No new listings"}, {"time": "2025-09-09 12:32:05", "type": "auto", "status": "\u26a0\ufe0f No new listings"}, {"time": "2025-09-09 12:42:46", "type": "auto", "status": "\u2705 Found 1 new cars"}, {"time": "2025-09-09 12:55:23", "type": "auto", "status": "\u26a0\ufe0f No new listings"}, {"time": "2025-09-09 13:06:15", "type": "auto", "status": "\u26a0\ufe0f No new listings"}, {"time": "2025-09-09 13:16:53", "type": "auto", "status": "\u26a0\ufe0f No new listings"}, {"time": "2025-09-09 13:27:26", "type": "auto", "status": "\u26a0\ufe0f No new listings"}, {"time": "2025-09-09 13:38:07", "type": "auto", "status": "\u26a0\ufe0f No new listings"}, {"time": "2025-09-09 13:48:53", "type": "auto", "status": "\u26a0\ufe0f No new listings"}, {"time": "2025-09-09 13:59:35", "type": "auto", "status": "\u26a0\ufe0f No new listings"}, {"time": "2025-09-09 14:10:15", "type": "auto", "status": "\u26a0\ufe0f No new listings"}, {"time": "2025-09-09 14:20:52", "type": "auto", "status": "\u26a0\ufe0f No new listings"}, {"time": "2025-09-09 14:31:34", "type": "auto", "status": "\u26a0\ufe0f No new listings"}, {"time": "2025-09-09 14:42:14", "type": "auto", "status": "\u26a0\ufe0f No new listings"}, {"time": "2025-09-09 14:52:56", "type": "auto", "status": "\u26a0\ufe0f No new listings"}, {"time": "2025-09-09 15:03:32", "type": "auto", "status": "\u26a0\ufe0f No new listings"}, {"time": "2025-09-09 15:14:13", "type": "auto", "status": "\u26a0\ufe0f No new listings"}, {"time": "2025-09-09 15:24:58", "type": "auto", "status": "\u26a0\ufe0f No new listings"}, {"time": "2025-09-09 15:35:37", "type": "auto", "status": "\u26a0\ufe0f No new listings"}, {"time": "2025-09-09 15:46:29", "type": "auto", "status": "\u26a0\ufe0f No new listings"}, {"time": "2025-09-09 15:57:18", "type": "auto", "status": "\u26a0\ufe0f No new listings"}, {"time": "2025-09-09 16:08:12", "type": "auto", "status": "\u26a0\ufe0f No new listings"}, {"time": "2025-09-09 16:18:50", "type": "auto", "status": "\u26a0\ufe0f No new listings"}, {"time": "2025-09-09 16:29:27", "type": "auto", "status": "\u26a0\ufe0f No new listings"}, {"time": "2025-09-09 16:40:13", "type": "auto", "status": "\u2705 Found 1 new cars"}, {"time": "2025-09-09 16:50:57", "type": "auto", "status": "\u26a0\ufe0f No new listings"}, {"time": "2025-09-09 17:01:46", "type": "auto", "status": "\u26a0\ufe0f No new listings"}, {"time": "2025-09-09 17:12:35", "type": "auto", "status": "\u26a0\ufe0f No new listings"}, {"time": "2025-09-09 17:23:21", "type": "auto", "status": "\u26a0\ufe0f No new listings"}, {"time": "2025-09-09 17:34:06", "type": "auto", "status": "\u26a0\ufe0f No new listings"}, {"time": "2025-09-09 17:44:52", "type": "auto", "status": "\u26a0\ufe0f No new listings"}, {"time": "2025-09-09 17:55:35", "type": "auto", "status": "\u26a0\ufe0f No new listings"}, {"time": "2025-09-09 18:06:22", "type": "auto", "status": "\u26a0\ufe0f No new listings"}, {"time": "2025-09-09 18:17:04", "type": "auto", "status": "\u26a0\ufe0f No new listings"}, {"time": "2025-09-09 18:27:50", "type": "auto", "status": "\u26a0\ufe0f No new listings"}, {"time": "2025-09-09 18:38:34", "type": "auto", "status": "\u26a0\ufe0f No new listings"}, {"time": "2025-09-09 18:49:12", "type": "auto", "status": "\u26a0\ufe0f No new listings"}, {"time": "2025-09-09 18:59:56", "type": "auto", "status": "\u26a0\ufe0f No new listings"}, {"time": "2025-09-09 19:10:38", "type": "auto", "status": "\u26a0\ufe0f No new listings"}, {"time": "2025-09-09 19:21:19", "type": "auto", "status": "\u26a0\ufe0f No new listings"}, {"time": "2025-09-09 19:32:02", "type": "auto", "status": "\u26a0\ufe0f No new listings"}, {"time": "2025-09-09 19:42:51", "type": "auto", "status": "\u2705 Found 1 new cars"}, {"time": "2025-09-09 19:53:32", "type": "auto", "status": "\u26a0\ufe0f No new listings"}, {"time": "2025-09-09 20:04:24", "type": "auto", "status": "\u2705 Found 4 new cars"}, {"time": "2025-09-09 20:15:44", "type": "auto", "status": "\u2705 Found 1 new cars"}, {"time": "2025-09-09 20:26:57", "type": "auto", "status": "\u2705 Found 2 new cars"}, {"time": "2025-09-09 20:38:07", "type": "auto", "status": "\u26a0\ufe0f No new listings"}, {"time": "2025-09-09 20:49:05", "type": "auto", "status": "\u2705 Found 2 new cars"}, {"time": "2025-09-09 21:01:49", "type": "auto", "status": "\u2705 Found 2 new cars"}, {"time": "2025-09-09 21:13:05", "type": "auto", "status": "\u26a0\ufe0f No new listings"}, {"time": "2025-09-09 21:24:18", "type": "auto", "status": "\u2705 Found 1 new cars"}, {"time": "2025-09-09 21:35:25", "type": "auto", "status": "\u26a0\ufe0f No new listings"}, {"time": "2025-09-09 21:46:18", "type": "auto", "status": "\u26a0\ufe0f No new listings"}, {"time": "2025-09-09 21:57:18", "type": "auto", "status": "\u26a0\ufe0f No new listings"}, {"time": "2025-09-09 22:08:04", "type": "auto", "status": "\u26a0\ufe0f No new listings"}]}